id_tweet,userid,screen_name,created_at,texto_tweet,Numero_pasados,Numero_presentes,Numero_futuros,Numero_condicionales,Numero_Infinitivos,Numero_Gerundios,Verbos_indicativo,Verbos_subjuntivo,Numero_determinantes,Determinantes_masc,Determinantes_fem,Determinantes_sing,Determinantes_plu,Determinantes_articulos,Determinantes_numerales,Determinantes_exclamativos,Determinantes_indefinidos,Determinantes_demostrativos,Determinantes_posesivos,Numero_nombres_propios,Numero_nombres_comunes,Numero_nombres,Nombres_singular,Nombres_plural,Nombres_masculino,Nombres_femenino,Genero_no_detectado,Numero_no_detectado,Numero_preposiciones,Numero_pronombres,Pronombres_masc,Pronombres_fem,Pronombres_sing,Pronombres_plu,Pronombres_personales,Pronombres_relativos,Pronombres_indefinidos,Pronombres_demostrativos,Pronombres_interrogativos,Pronombres_numerales,Pronombres_posesivos,Analisis_sentimiento,Numero_emojis,Numero_hagstags,Numero_webs,Longitud_media_palabras,Moda_palabras_tweet,Mediana_palabras_tweet,Numero_errores,Numero_tipos_de_error,Numero_tildes,Numero_signos_puntuacion,Numero_adjetivos,Adjetivos_masc,Adjetivos_fem,Adjetivos_sing,Adjetivos_plu,Adjetivos_comparativos,Adjetivos_numerales,Adjetivos_calificativos,Media_palabras_por_sintagma,Numero_sintagmas
__1448291132463587337,372826254,heryartes,2021-10-13T14:14:48.000Z,"Yo tenia varios d√≠as sin escuchar una emisora que por a√±os escuch√©, intento otra vez, 
pero co√±o Hartan! Jartan!! Con lo de la vacuna...
 @z101digital van a tener que colocar merengue para volver a ser l√≠der en audiencia o m√∫sica haitiana. Cu√°nto les pagan?",0,2,0,0,5,0,2,0,4,1,3,3,1,1,0,0,3,0,0,2,10,12,8,2,4,5,3,2,8,5,2,0,3,0,3,0,0,0,2,0,0,,0,0,0,4.818181818181818,3,4.0,4,2,5,10,1,0,1,1,0,0,0,1,7.611111111111111,18
__1448294476733112321,372826254,heryartes,2021-10-13T14:28:05.000Z,"Facebook lleno de puyas e indirectas, Twitter de Egoc√©ntricos o presumidos, Youtube de personas que  desean ense√±ar o educar.
 En 9 a√±os trabajando por internet.¬°Agradezco a Google y a Youtube!",0,1,0,0,2,1,1,0,1,0,0,0,0,0,1,0,0,0,0,5,5,10,2,3,4,1,5,5,7,1,0,0,0,0,0,1,0,0,0,0,0,,0,0,0,5.4,1,5.0,3,2,1,6,3,2,1,1,2,0,0,3,5.294117647058823,17
__1490068917733183489,372826254,heryartes,2022-02-05T21:04:48.000Z,"La vida de los superricos en √Åfrica Central | DW Documental
Completo:
üëáüëáüëá

https://t.co/gkfFUR2LID en Africa https://t.co/YbTr34YtVu",0,0,0,0,0,0,0,0,2,1,1,1,1,2,0,0,0,0,0,4,3,7,1,1,1,1,5,5,3,0,0,0,0,0,0,0,0,0,0,0,0,,3,0,2,7,2,5.0,2,1,1,1,1,0,0,0,0,0,0,1,4.666666666666667,6
__1490092450718773248,372826254,heryartes,2022-02-05T22:38:19.000Z,Ustedes son un asco @colorvisionc9 https://t.co/5KnTg1mxYJ,0,1,0,0,0,0,1,0,1,1,0,1,0,0,0,0,1,0,0,0,1,1,1,0,1,0,0,0,0,1,0,0,0,0,1,0,0,0,0,0,0,,0,0,1,8.833333333333334,7,5.5,0,0,0,0,0,0,0,0,0,0,0,0,4,1
__1490374395830939649,16798736,JulioGil,2022-02-06T17:18:40.000Z,Wass estaba lastimado de la rodilla por la barrida imprudente de Ferr√°n y Simeone lo manda de vuelta al campo: VINTAGE COBRA KAI.,1,1,0,0,0,0,2,0,3,1,2,3,0,3,0,0,0,0,0,2,4,6,4,0,1,3,2,2,5,1,1,0,1,0,1,0,0,0,0,0,0,,0,0,0,4.6521739130434785,2,5,4,1,1,2,3,1,0,3,0,0,0,3,5.666666666666667,9
__1490438275303104515,16798736,JulioGil,2022-02-06T21:32:30.000Z,49ers vs Cardz en M√©xico en MNF‚Ä¶ ¬øy Europa?,0,0,0,0,0,0,0,0,0,0,0,0,0,0,0,0,0,0,0,4,1,5,1,0,1,0,4,4,3,0,0,0,0,0,0,0,0,0,0,0,0,,0,0,0,3.7777777777777777,2,3,3,3,1,2,0,0,0,0,0,0,0,0,4.4,5
__1463905586408570890,304645793,MikePadilla9,2021-11-25T16:21:04.000Z,Que bonito trabajar con luz tenue y con la lluvia de fondo.,0,0,0,0,1,0,0,0,1,0,1,1,0,1,0,0,0,0,0,0,3,3,3,0,1,2,0,0,3,0,0,0,0,0,0,0,0,0,0,0,0,,0,0,0,4,3,3.0,0,0,0,1,2,1,0,2,0,0,0,2,7.25,4
__1463915574501777411,304645793,MikePadilla9,2021-11-25T17:00:45.000Z,"Powder ha visto por primera vez la lluvia y se ha puesto como un loco, que ilusi√≥n.",2,0,0,0,0,0,2,0,2,1,1,2,0,1,0,0,1,0,0,1,4,5,4,0,1,3,1,1,1,2,0,0,0,0,1,1,0,0,0,0,0,,0,0,0,3.9411764705882355,2,3,1,1,1,2,1,0,1,1,0,0,1,1,6.333333333333333,6
__1463927955797823494,304645793,MikePadilla9,2021-11-25T17:49:57.000Z,Al menos ma√±ana es Viernes ya.,0,1,0,0,0,0,1,0,1,1,0,1,0,1,0,0,0,0,0,0,1,1,0,0,0,0,1,1,1,0,0,0,0,0,0,0,0,0,0,0,0,,0,0,0,4.166666666666667,2,4.0,1,1,0,1,0,0,0,0,0,0,0,0,4,2
__1488047301763473409,304645793,MikePadilla9,2022-01-31T07:11:37.000Z,"Buenos d√≠as, a empezar la semana.",0,0,0,0,1,0,0,0,1,0,1,1,0,1,0,0,0,0,0,0,2,2,1,1,1,1,0,0,1,0,0,0,0,0,0,0,0,0,0,0,0,,0,0,0,4.666666666666667,7,5.5,0,0,1,2,0,0,0,0,0,0,0,0,4,3
__1488066015066001411,304645793,MikePadilla9,2022-01-31T08:25:59.000Z,La tristeza de no pensar que Wordle se actualiza seg√∫n el d√≠a me hace pensar que debo investigar en que d√≠a vivo (?),0,3,0,0,3,0,3,0,2,1,1,2,0,2,0,0,0,0,0,1,3,4,3,0,2,1,1,1,3,2,0,0,1,0,2,0,0,0,0,0,0,,0,0,0,4.086956521739131,2,3,1,1,3,3,1,1,0,1,0,0,0,1,9.6,10
__1488119171841994754,304645793,MikePadilla9,2022-01-31T11:57:13.000Z,Eldimal,0,0,0,0,0,0,0,0,0,0,0,0,0,0,0,0,0,0,0,0,0,0,0,0,0,0,0,0,0,0,0,0,0,0,0,0,0,0,0,0,0,,0,0,0,7,7,7,1,1,0,0,0,0,0,0,0,0,0,0,1,0
__1477618250653609985,149403185,Marcospandereta,2022-01-02T12:30:18.000Z,"Llevamos 124 a√±os en la √©lite con una propuesta diferente. Quien crea que pueda hacerlo, que lo intente.√önicos. #AthleticBetiZurekin",0,4,0,0,0,0,1,3,3,0,2,2,0,1,1,0,1,0,0,1,3,4,2,1,1,2,1,1,2,3,1,0,2,0,2,1,0,0,0,0,0,,0,1,0,6,3,4,1,1,2,4,2,1,0,1,1,0,0,2,4.625,8
__1477718390672437254,149403185,Marcospandereta,2022-01-02T19:08:13.000Z,"Comenzamos temporada!!!üòç en Huertas De ÔøΩNimas, Extremadura, Spain https://t.co/J5HBv3PJQD",0,1,0,0,0,0,1,0,0,0,0,0,0,0,0,0,0,0,0,4,2,6,1,1,0,2,4,4,2,0,0,0,0,0,0,0,0,0,0,0,0,,1,0,1,8.88888888888889,12,7,3,2,0,5,0,0,0,0,0,0,0,0,2.6,5
__1470391765647691785,11625152,darioalvarez,2021-12-13T13:54:50.000Z,"Muere Ver√≥nica Forqu√©: ha sido hallada sin vida en su casa de Madrid
 https://t.co/DEKtYH6sca v√≠a @diarioas

QEPD

La depresi√≥n mata

""La actriz, que hace tan solo unos d√≠as cumpli√≥ 66 a√±os, hab√≠a participado recientemente
 en 'MasterChef Celebrity' y se tuvo que retirar agotada""",4,2,0,0,1,0,6,0,4,1,2,3,1,2,1,0,1,0,1,7,8,15,4,2,2,4,9,9,4,2,0,0,0,0,1,1,0,0,0,0,0,,0,0,1,5.4186046511627906,4,4,3,1,7,7,1,0,1,1,0,0,0,1,9.11111111111111,18
__1470482505941856257,11625152,darioalvarez,2021-12-13T19:55:24.000Z,"Ruta por las raciones de pulpo en Galicia: de los 9 euros de Ourense a los 18 de Burela
 https://t.co/cHkoKTE17q

Recuerdo cuando en casi todas partes pagaba 5‚Ç¨ por la raci√≥n. 

""...El alza generalizada de los suministros ha obligado a las pulpeiras a subir los precios ... """,2,0,0,0,1,0,2,0,12,5,4,2,7,8,3,0,0,0,0,3,10,13,5,4,3,6,4,4,12,0,0,0,0,0,0,0,0,0,0,0,0,,0,0,2,4.645833333333333,2,3.0,3,2,1,10,1,0,1,1,0,0,0,1,6.7894736842105265,19
__1472152618277347333,1094797736,jesusmg28,2021-12-18T10:31:50.000Z,Quiz√°s esto sea lo mejor del d√≠a en Castillo de Estepa https://t.co/pBgzzMASkP,0,1,0,0,0,0,0,1,1,1,0,1,0,1,0,0,0,0,0,2,1,3,1,0,1,0,2,2,3,2,1,0,2,0,1,0,0,1,0,0,0,,0,0,1,5.583333333333333,3,3.5,0,0,2,0,1,0,0,1,0,1,0,0,4.75,4
__1472521808196816900,1094797736,jesusmg28,2021-12-19T10:58:51.000Z,"Se rompi√≥ el cubo altavoz,, adi√≥s al puerto de carga .. https://t.co/eNseHw9IKY",1,0,0,0,0,0,1,0,2,2,0,2,0,2,0,0,0,0,0,0,5,5,4,0,3,1,1,1,2,1,0,0,0,0,1,0,0,0,0,0,0,,0,0,1,5.666666666666667,2,4.5,2,1,2,4,0,0,0,0,0,0,0,0,5,5
__1472535160939851781,1094797736,jesusmg28,2021-12-19T11:51:55.000Z,Comiendo üê∂ üê∂ en Estepa https://t.co/genzKq3mLA,0,0,0,0,0,1,0,0,0,0,0,0,0,0,0,0,0,0,0,1,0,1,0,0,0,0,1,1,1,0,0,0,0,0,0,0,0,0,0,0,0,,2,0,1,9.75,8,7.0,0,0,0,0,0,0,0,0,0,0,0,0,2.5,2
__1471576332622573570,2234988734,juandoomin,2021-12-16T20:21:52.000Z,"Mi t√≠a y mi abuela muri√©ndose de ganas de que les presente a mi novia porque seguro que tengo 7 u 8 chavalitas detr√°s de m√≠

C√≥mo las quiero",0,3,0,0,0,0,2,1,2,0,0,3,0,0,2,0,0,0,3,0,5,5,3,2,0,4,1,0,4,6,0,1,1,0,5,0,1,0,0,0,0,,0,0,0,3.8275862068965516,2,3,1,1,5,0,1,1,0,1,0,0,0,1,6.538461538461538,13
__1471992026019381253,2234988734,juandoomin,2021-12-17T23:53:41.000Z,Que potente la pel√≠cula de Spiderman tu,0,0,0,0,0,0,0,0,1,0,1,2,0,1,0,0,0,0,1,1,1,2,1,0,0,1,1,1,1,0,0,0,0,0,0,0,0,0,0,0,0,,0,0,0,4.714285714285714,2,3,2,2,1,0,1,0,0,1,0,0,0,1,4,3
__1472341600206479364,2234988734,juandoomin,2021-12-18T23:02:46.000Z,"Me duelen los pies del d√≠a de hoy, qu√© feliz estoy de forma no ir√≥nica",0,2,0,0,0,0,2,0,2,2,0,1,1,2,0,0,0,0,0,0,3,3,2,1,2,1,0,0,3,1,0,0,1,0,1,0,0,0,0,0,0,,0,0,0,3.7333333333333334,2,3,0,0,3,1,2,0,1,2,0,0,0,2,6,6
__1472974415356911620,2234988734,juandoomin,2021-12-20T16:57:21.000Z,Estan dando gratis en la epic store el loop hero me cago en mis muertos pilladlo que est√° potente,0,3,0,0,0,1,3,0,2,1,1,2,1,2,0,0,0,0,1,6,1,7,0,1,1,0,6,6,2,2,0,0,1,0,1,1,0,0,0,0,0,,0,0,0,4.157894736842105,2,4,5,2,1,0,1,0,0,1,0,0,0,1,7,6
__1490773305737064452,309077758,JuanCar_Sevilla,2022-02-07T19:43:47.000Z,"Thinking in #green. 

¬øA qu√© s√≠ @Heineken_ESCorp? https://t.co/A2QhHS7Aq5",0,0,0,0,0,0,0,0,0,0,0,0,0,0,0,0,0,0,0,1,0,1,0,0,0,0,1,1,2,2,0,0,1,0,1,0,0,0,1,0,0,,0,1,1,8,2,5.0,4,3,2,2,0,0,0,0,0,0,0,0,2.5,2
__1491118577445109761,158072192,VirginiaOlmedo,2022-02-08T18:35:47.000Z,El Supremo ordena demoler todo el resort de lujo de Isla Valdeca√±as https://t.co/7fcudBzyOS v√≠a @eldiarioex,0,1,0,0,1,0,1,0,3,3,0,3,0,2,0,0,0,0,0,1,3,4,3,0,2,1,1,1,2,0,0,0,0,0,0,0,0,0,0,0,0,,0,0,1,6.2,2,4,1,1,1,0,0,0,0,0,0,0,0,0,5.571428571428571,7
__1448368288489218057,158072192,VirginiaOlmedo,2021-10-13T19:21:24.000Z,"‚ÄúCrezca en un entorno positivo y sin violencia.‚Äù
Y un partido fascista recurre al Tribunal Constitucional la ley de protecci√≥n a la infancia por esa frase. 
Ese concepto de judicializar la pol√≠tica para estropear todo. ¬øHasta cu√°ndo vü§Æx?",0,2,0,0,2,0,1,1,8,4,4,8,0,4,0,0,2,2,0,0,10,10,10,0,4,6,0,0,9,3,2,0,2,0,1,0,2,0,0,0,0,,1,0,0,5.157894736842105,2,4.5,1,1,3,5,2,1,0,2,0,0,0,2,5.625,16
__1463148277738741765,1073902588196720640,Tatiana95543557,2021-11-23T14:11:48.000Z,Jajajajajajajaja pues se ha puesto bueno el d√≠a pa que le paguen con la misma moneda...,1,1,0,0,0,0,1,1,3,1,2,3,0,2,0,0,0,1,0,1,2,3,2,0,1,1,1,1,2,2,0,0,1,0,2,0,0,0,0,0,0,,0,0,0,4.5,2,3.0,3,3,1,3,1,1,0,1,0,0,0,1,5.833333333333333,6
__1463148554378170369,1073902588196720640,Tatiana95543557,2021-11-23T14:12:54.000Z,Me cago en todas vuestras muelas.....,0,1,0,0,0,0,1,0,2,0,2,0,2,0,0,0,0,0,1,0,1,1,0,1,0,1,0,0,1,2,0,1,1,0,1,0,0,0,0,0,1,,0,0,0,5.333333333333333,2,4.5,1,1,0,5,0,0,0,0,0,0,0,0,4.333333333333333,3
__1463148777016078344,1073902588196720640,Tatiana95543557,2021-11-23T14:13:47.000Z,Que puta rabia enserio,0,0,0,0,0,0,0,0,0,0,0,0,0,0,0,0,0,0,0,2,0,2,0,0,0,0,2,2,0,0,0,0,0,0,0,0,0,0,0,0,0,,0,0,0,4.75,3,4.5,1,1,0,0,0,0,0,0,0,0,0,0,4,1
__1481991211611217927,80961454,arquitectonico,2022-01-14T14:06:53.000Z,"Ricardo Bofill

arquitecto espa√±ol

QEPD 

https://t.co/CNUxRtJmip",0,0,0,0,0,0,0,0,0,0,0,0,0,0,0,0,0,0,0,3,1,4,1,0,1,0,3,3,0,0,0,0,0,0,0,0,0,0,0,0,0,,0,0,1,9.5,7,7.0,2,1,0,0,1,1,0,1,0,0,0,1,5,1
__1481991439378698241,80961454,arquitectonico,2022-01-14T14:07:47.000Z,"El arquitecto y urbanista catal√°n Ricardo Bofill ha muerto este viernes a la edad de 82 a√±os

QEPD 

https://t.co/5zOzc514zD",1,0,0,0,0,0,1,0,4,2,1,3,0,2,1,0,0,1,0,3,6,9,3,1,2,1,6,5,2,0,0,0,0,0,0,0,0,0,0,0,0,,0,0,1,5.421052631578948,2,4,2,1,1,0,1,1,0,1,0,0,0,1,5.714285714285714,7
__1471460136916975618,465898335,pepechuleton,2021-12-16T12:40:09.000Z,"Euuuu !!!  Que viene la huelgaaaaa !!!!. Ten√©is hoy y ma√±ana para hacer los pedidos. 
Si es hoy, mejor !!!! en https://t.co/DJQUUGvGxH - Carnicer√≠a La Despensa https://t.co/FMM8Sa1btl",0,3,0,0,1,0,3,0,3,1,2,2,1,3,0,0,0,0,0,2,3,5,2,1,1,2,2,2,2,0,0,0,0,0,0,0,0,0,0,0,0,,0,0,2,5.7407407407407405,5,4,4,2,2,15,0,0,0,0,0,0,0,0,3.8333333333333335,12
__1455102827508998150,1072402032,verdejomar,2021-11-01T09:22:03.000Z,"Aunque lo ve√°is con esa sonrisa encantadora, es muy ""malote"" o eso intenta üéÉ mi vecino
 @paco.paredes en @espacioeltintero #tequila #vivamexico 
#nochedelosmuertitos en La Chanca en @espacioeltintero https://t.co/5aqS08hK1z",0,3,0,0,0,0,3,0,2,0,2,3,0,1,0,0,0,1,1,0,3,3,3,0,1,2,0,0,4,2,1,0,2,0,1,0,0,1,0,0,0,,1,3,2,7.148148148148148,2,6,2,2,1,3,2,1,1,2,0,0,0,2,7.5,6
__1455104228150624256,1072402032,verdejomar,2021-11-01T09:27:37.000Z,"Y en ese preciso momento vino #kiss y #kisses #besos con sabor a #tequila en 
#nochedelosmuertitos en @espacioeltintero con @paco.paredes y Piqui
 @ Espacio Cultural El Tintero https://t.co/MhJB8wCJQM",0,0,0,0,0,0,0,0,2,2,0,2,0,1,0,0,0,1,0,0,4,4,4,0,3,1,0,0,6,0,0,0,0,0,0,0,0,0,0,0,0,,0,5,2,6.107142857142857,1,5.0,2,2,0,0,2,2,0,2,0,0,0,2,5.571428571428571,7
__1455105034799259648,1072402032,verdejomar,2021-11-01T09:30:49.000Z,"@joseamfiallo y un fans en una #nochedelosmuertitos @espacioeltintero
 #Almer√≠a #Cultura @ Espacio Cultural El Tintero https://t.co/YKmSO7KLuW
",0,0,0,0,0,0,0,0,3,2,1,3,0,1,0,0,2,0,0,0,2,2,1,1,1,0,1,0,2,0,0,0,0,0,0,0,0,0,0,0,0,,0,2,1,7.875,2,7.0,2,2,0,0,0,0,0,0,0,0,0,0,3.5,4
__1456746122106527747,1072402032,verdejomar,2021-11-05T22:11:55.000Z,Quiz√°s el lado de Pesquero me guste m√°s. Quiz√°s porque habito a Levante del @puertodealmeria https://t.co/0f2Yso8UMA,0,2,0,0,0,0,1,1,2,2,0,2,0,2,0,0,0,0,0,0,2,2,1,0,1,0,1,1,3,1,0,0,1,0,1,0,0,0,0,0,0,,0,0,1,6.3125,6,5.5,1,1,3,1,0,0,0,0,0,0,0,0,4.166666666666667,6
__1456747940999991299,1072402032,verdejomar,2021-11-05T22:19:08.000Z,Y adem√°s son avaros,0,1,0,0,0,0,1,0,0,0,0,0,0,0,0,0,0,0,0,0,0,0,0,0,0,0,0,0,0,0,0,0,0,0,0,0,0,0,0,0,0,,0,0,0,4,6,4.5,0,0,1,0,1,1,0,0,1,0,0,1,3.5,2
__1487086777705897984,462225391,Picurrina77,2022-01-28T15:34:51.000Z,Con tiempo por favor ü§£üíáüèº‚Äç‚ôÄÔ∏èüíÖüèªüíÉüèº https://t.co/E4u9IrbnGJ,0,0,0,0,0,0,0,0,0,0,0,0,0,0,0,0,0,0,0,0,2,2,2,0,2,0,0,0,2,0,0,0,0,0,0,0,0,0,0,0,0,,8,0,1,6.833333333333333,3,4.0,1,1,0,0,0,0,0,0,0,0,0,0,3.5,2
__1464572078028300290,941283157,PokeLexgnzlz,2021-11-27T12:29:28.000Z,No juzgues por las apariencias. https://t.co/mXt52ZeHtN,0,0,0,0,0,0,0,0,1,0,1,0,1,1,0,0,0,0,0,0,1,1,0,1,0,1,0,0,1,0,0,0,0,0,0,0,0,0,0,0,0,,0,0,1,8.333333333333334,3,5.0,0,0,0,1,0,0,0,0,0,0,0,0,4,2
__1464573967834906624,941283157,PokeLexgnzlz,2021-11-27T12:36:59.000Z,Pillo a Togepi y justo Pachirisu recoge una Piedra D√≠a. Vaya HAX (ten√≠a Dicha). #PokemonDiamanteBrillante #NintendoSwitch https://t.co/ndZDNr2yRg,1,1,0,0,0,0,2,0,1,0,1,1,0,0,0,0,1,0,0,1,3,4,1,0,1,0,3,3,1,0,0,0,0,0,0,0,0,0,0,0,0,,0,2,1,7.588235294117647,6,6,3,1,2,4,0,0,0,0,0,0,0,0,4.142857142857143,7
__1464574939646758918,941283157,PokeLexgnzlz,2021-11-27T12:40:50.000Z,"Justo al pillar a Togepi, Pachirisu recoge una Piedra D√≠a. Vaya suerte (ten√≠a Dicha). #PokemonDiamanteBrillante #NintendoSwitch https://t.co/ovbIziBFYe",1,2,0,0,1,0,2,1,2,1,1,2,0,1,0,0,1,0,0,1,3,4,2,0,1,1,2,2,2,0,0,0,0,0,0,0,0,0,0,0,0,,0,2,1,7.9411764705882355,6,6,2,1,2,5,0,0,0,0,0,0,0,0,4.285714285714286,7
__1472966370518315008,941283157,PokeLexgnzlz,2021-12-20T16:25:23.000Z,Pok√©mon Diamante Brillante Parte 17 - A por la Liga https://t.co/yrbPEmcsbE EN DIRECTO,0,0,0,0,0,0,0,0,2,0,1,1,0,1,1,0,0,0,0,0,4,4,2,1,1,2,1,1,3,0,0,0,0,0,0,0,0,0,0,0,0,,0,0,1,5.6923076923076925,2,4,0,0,1,1,0,0,0,0,0,0,0,0,6.333333333333333,3
__1473018488478441472,941283157,PokeLexgnzlz,2021-12-20T19:52:29.000Z,"Todav√≠a ni me creo que hayan bajado el l√≠mite de dinero en los remakes. 
Me he perdido una buena cantidad por creer que podr√≠a pasar de 999999. Ahora a conseguirlo con el Buscapelea -.-",1,2,0,0,2,0,3,1,5,3,1,3,1,3,1,0,1,0,0,0,4,4,3,1,3,1,0,0,6,3,0,0,2,0,3,0,0,0,0,0,0,,0,0,0,4.4411764705882355,2,3.5,2,2,3,5,1,0,1,1,0,0,0,1,5.923076923076923,13
__1462112375277076491,2801748476,EduuVPerez,2021-11-20T17:35:29.000Z,Esta noche voy a beber como un cerdo y celebrar que soy feliz. Voy a beber por cada seguidor que tengo üòèüòè,0,4,0,0,3,0,4,0,2,1,1,3,0,0,0,0,1,1,0,0,3,3,3,0,2,1,0,0,3,1,0,0,0,0,0,1,0,0,0,0,0,,2,0,0,3.9047619047619047,3,4,0,0,0,1,1,0,0,1,0,0,0,1,5.125,8
__1462118689575256074,2801748476,EduuVPerez,2021-11-20T18:00:35.000Z,Tengo ganas de portarme mal üî•,0,1,0,0,0,0,1,0,0,0,0,0,0,0,0,0,0,0,0,0,1,1,0,1,0,1,0,0,1,1,0,0,0,0,1,0,0,0,0,0,0,,1,0,0,4.6,5,5,0,0,0,0,0,0,0,0,0,0,0,0,3.3333333333333335,3
__1462172476885151746,2801748476,EduuVPerez,2021-11-20T21:34:18.000Z,"Oye Edu, a pesar de tantos obst√°culos nunca olvides de ser ese ni√±o so√±ador y alocado. 
Sigue creciendo, por muy dif√≠cil que se pongan las cosas ‚ù§Ô∏è https://t.co/vx6AekGO4N",0,3,0,0,1,1,2,1,4,2,1,1,2,1,1,0,0,2,0,1,4,5,1,2,2,1,2,2,4,1,0,0,0,0,1,0,0,0,0,0,0,,1,0,1,5.071428571428571,3,4.0,2,2,2,3,4,3,0,4,0,0,0,3,7.3,10
__1461707309122523137,295191363,isabelsanbe,2021-11-19T14:45:54.000Z,#Salamanca #jugando. Salud https://t.co/1iXfQXeh4T,0,0,0,0,0,0,0,0,0,0,0,0,0,0,0,0,0,0,0,0,1,1,1,0,0,1,0,0,0,0,0,0,0,0,0,0,0,0,0,0,0,,0,2,1,11.75,10,9.5,1,1,0,1,0,0,0,0,0,0,0,0,1,1
__1461707522084114435,295191363,isabelsanbe,2021-11-19T14:46:45.000Z,"#CIUDADRODRIGO #jugando. Salud en Ciudad-Rodrigo, Castilla y Le√≥n, Spain https://t.co/lrK9pQ9g2O",0,0,0,0,0,0,0,0,0,0,0,0,0,0,0,0,0,0,0,4,1,5,1,0,0,1,4,4,1,0,0,0,0,0,0,0,0,0,0,0,0,,0,2,1,8.7,5,6.5,2,2,1,4,0,0,0,0,0,0,0,0,2.8333333333333335,6
__1483444083515342854,295191363,isabelsanbe,2022-01-18T14:20:05.000Z,De lo que no quiere la derecha que se hable en Castilla y Le√≥n https://t.co/tLtlr9jSl7,0,2,0,0,0,0,1,1,1,0,1,1,0,1,0,0,0,0,0,1,2,3,2,0,1,1,1,1,2,4,1,0,1,0,2,2,0,0,0,0,0,,0,0,1,4.8,2,3,0,0,1,0,0,0,0,0,0,0,0,0,7.2,5
__1483444089030914048,295191363,isabelsanbe,2022-01-18T14:20:06.000Z,La semana arranca con nuevos positivos en 18 localidades y un notable baj√≥n de la incidencia en Mir√≥briga https://t.co/5tf1gYbteS v√≠a @SArtvALDIA,0,1,0,0,0,0,1,0,4,1,2,3,0,2,1,0,1,0,0,0,5,5,4,1,1,4,0,0,4,0,0,0,0,0,0,0,0,0,0,0,0,,0,0,1,5.9523809523809526,2,5,1,1,3,0,3,2,0,1,2,0,0,3,6.142857142857143,7
__1483460061569638407,295191363,isabelsanbe,2022-01-18T15:23:34.000Z,"Prestigiosos cient√≠ficos dan con la clave para lograr la inmunidad y vencer a √≥micron: ""La prueba m√°s clara"" https://t.co/ziyAbX0WQe",0,1,0,0,2,0,1,0,3,0,3,3,0,3,0,0,0,0,0,1,4,5,3,1,1,3,1,1,3,0,0,0,0,0,0,0,0,0,0,0,0,,0,0,1,6,3,5,0,0,3,3,2,1,1,1,1,0,0,2,4.555555555555555,9
__1453794652931436552,1337140587498237957,Lasendatuerta,2021-10-28T18:43:50.000Z,"üòç Tenemos un SORTEO en marcha!!! Todos los detalles en este v√≠deo de YouTube el Castellet de Castell de Castells üòç 
https://t.co/zcLkhTPdHi @MuntanyaV @valenciabonita_ @SerraAmunt @PaisRutes @PoblesValAbando",0,1,0,0,0,0,1,0,5,5,0,3,2,2,0,0,1,1,0,3,5,8,3,2,4,1,3,3,5,0,0,0,0,0,0,0,0,0,0,0,0,,2,0,1,7.12,2,7,1,1,1,3,0,0,0,0,0,0,0,0,4.5,10
__1454878179219419146,1337140587498237957,Lasendatuerta,2021-10-31T18:29:22.000Z,Pues si pues si @PaisRutes @SerraAmunt @valenciabonita_ @MuntanyaV @PoblesValAbando https://t.co/dTcwIyywP8,0,0,0,0,0,0,0,0,0,0,0,0,0,0,0,0,0,0,0,0,0,0,0,0,0,0,0,0,0,0,0,0,0,0,0,0,0,0,0,0,0,,0,0,1,9.8,4,10.0,1,1,0,0,0,0,0,0,0,0,0,0,2.5,2
__1454897684154830850,1337140587498237957,Lasendatuerta,2021-10-31T19:46:53.000Z,Meteros el METAverso por culo,0,0,0,0,0,0,0,0,1,1,0,1,0,1,0,0,0,0,0,0,2,2,2,0,2,0,0,0,1,0,0,0,0,0,0,0,0,0,0,0,0,,0,0,0,5,7,4,1,1,0,0,0,0,0,0,0,0,0,0,3,3
__1490713849833697286,379891863,juandy_7,2022-02-07T15:47:32.000Z,"ü§™üëåüèª en Punta Umbr√≠a, Spain https://t.co/L7vdDA1sa1",0,0,0,0,0,0,0,0,0,0,0,0,0,0,0,0,0,0,0,2,1,3,1,0,0,1,2,2,1,0,0,0,0,0,0,0,0,0,0,0,0,,3,0,1,8.4,5,5,2,2,1,1,0,0,0,0,0,0,0,0,3.5,2
__1448360311313080329,117884436,Ldiazalonso,2021-10-13T18:49:42.000Z,".
Casi siempre menos es m√°s.     

#flores #flors #flowers                 

Hoy hasta la del ascensor ha quedado bien. üå∏üå∏üå∏ 

Gracias @heroicasavetheplants en Barcelona, Spain https://t.co/MxPpUhP1Cp",1,1,0,0,0,0,2,0,2,1,1,2,0,2,0,0,0,0,0,2,2,4,1,0,1,0,3,3,3,0,0,0,0,0,0,0,0,0,0,0,0,,3,3,1,6.391304347826087,7,5,2,2,1,4,0,0,0,0,0,0,0,0,4.25,8
__1454153546480472069,636187669,A_Moraless99,2021-10-29T18:29:57.000Z,Ayer sal√≠ y hoy se ha convertido en un viernes muy domingo ü§ç,2,0,0,0,0,0,2,0,1,1,0,1,0,0,0,0,1,0,0,0,2,2,0,0,0,0,2,2,1,1,0,0,0,0,1,0,0,0,0,0,0,,1,0,0,3.9166666666666665,2,3.0,0,0,1,0,0,0,0,0,0,0,0,0,6.25,4
__1456720630968201224,636187669,A_Moraless99,2021-11-05T20:30:37.000Z,Viernes de peli manta y bajona ‚ú®,0,0,0,0,0,0,0,0,0,0,0,0,0,0,0,0,0,0,0,3,1,4,0,0,0,0,4,4,1,0,0,0,0,0,0,0,0,0,0,0,0,,1,0,0,4.166666666666667,7,4.5,1,1,0,0,0,0,0,0,0,0,0,0,3.6666666666666665,3
__1463565913236680719,636187669,A_Moraless99,2021-11-24T17:51:20.000Z,"No vuelvo a coger el mondeo. 
Cada vez q lo cojo pasa algo, noo pucccccc",0,3,0,0,1,0,3,0,1,1,0,2,0,1,0,0,0,0,0,1,2,3,2,0,1,1,1,1,1,2,1,0,2,0,1,0,1,0,0,0,0,,0,0,0,3.8,2,4,4,2,0,2,0,0,0,0,0,0,0,0,4.166666666666667,6
__1463933358992461836,636187669,A_Moraless99,2021-11-25T18:11:26.000Z,"Jajajaja hola buenas, me manifiesto ‚úåüèΩ",0,1,0,0,0,0,1,0,0,0,0,0,0,0,0,0,0,0,0,3,0,3,0,0,0,0,3,3,0,1,0,0,1,0,1,0,0,0,0,0,0,,2,0,0,6.2,8,7,1,1,0,1,0,0,0,0,0,0,0,0,2.5,2
__1465793126711402503,636187669,A_Moraless99,2021-11-30T21:21:29.000Z,"Quiero
Esto
contigo
Ya
ü•∫
@Ale_hernandez28",0,1,0,0,0,0,1,0,0,0,0,0,0,0,0,0,0,0,0,0,0,0,0,0,0,0,0,0,0,2,0,0,2,0,1,0,0,1,0,0,0,,1,0,0,7,6,6,0,0,0,0,0,0,0,0,0,0,0,0,4.5,2
__1469415758828613633,1139547961,FFilologiaUS,2021-12-10T21:16:31.000Z,"üó≥ Elecciones al sector C1 de la Junta de Centro de la Facultad de Filolog√≠a - 
Lista definitiva de nuevos miembros en Facultad De Filolog√≠a Universidad De Sevilla https://t.co/w4s50MH0go",0,0,0,0,0,0,0,0,3,1,2,3,0,3,0,0,0,0,0,5,8,13,6,2,3,5,5,5,9,0,0,0,0,0,0,0,0,0,0,0,0,,1,0,1,5.571428571428571,2,5.0,0,0,2,1,2,1,1,1,1,0,0,2,7.636363636363637,11
__1470069515283271690,1139547961,FFilologiaUS,2021-12-12T16:34:19.000Z,"‚úà ¬°Atenci√≥n, PAS y PDI! Se convocan plazas para realizar estancias de corta duraci√≥n,
 con fines docentes y de formaci√≥n, en otras instituciones de educaci√≥n superior.

‚û° https://t.co/85EeDLHj5Q V√≠a @unisevilla https://t.co/wkztLUFurl",0,1,0,0,1,0,1,0,1,0,1,0,1,0,0,0,1,0,0,1,10,11,5,4,1,8,2,2,6,1,0,0,0,0,1,0,0,0,0,0,0,,2,0,2,6.896551724137931,2,5,1,1,5,6,3,0,1,2,1,0,0,3,7.642857142857143,14
__1450584360596410371,232878377,antoniopardo14,2021-10-19T22:07:16.000Z,Feliz cumplea√±os üéÇ en Elche https://t.co/ocKyQIFew0,0,0,0,0,0,0,0,0,0,0,0,0,0,0,0,0,0,0,0,1,1,2,0,0,1,0,1,2,2,0,0,0,0,0,0,0,0,0,0,0,0,,1,0,1,9,5,5,0,0,0,0,0,0,0,0,0,0,0,0,3,2
__1450766838099415049,232878377,antoniopardo14,2021-10-20T10:12:22.000Z,PATROCINADOR OFICIAL DE @antoniopardo14 üòÅ en Elche https://t.co/O9WqTDOIik,0,0,0,0,0,0,0,0,0,0,0,0,0,0,0,0,0,0,0,1,1,2,1,0,1,0,1,1,2,0,0,0,0,0,0,0,0,0,0,0,0,,1,0,1,9.428571428571429,2,7,0,0,0,0,1,0,1,1,0,0,0,1,4,2
__1457391576657838081,376955291,ClaudiaGCid,2021-11-07T16:56:43.000Z,"Mal partido pero sin las comillas. 

Que vuelvan andando, a ver si espabilan.",0,2,0,0,1,1,1,1,1,0,1,0,1,1,0,0,0,0,0,0,2,2,1,1,1,1,0,0,2,0,0,0,0,0,0,0,0,0,0,0,0,,0,0,0,4.846153846153846,3,3,0,0,0,3,0,0,0,0,0,0,0,0,4.666666666666667,6
__1457439934713839618,376955291,ClaudiaGCid,2021-11-07T20:08:53.000Z,"Seguir√© cumpliendo sue√±os. Y t√∫ estar√°s en alg√∫n sitio, asintiendo.",0,0,2,0,0,2,2,0,1,1,0,1,0,0,0,0,1,0,0,0,2,2,1,1,2,0,0,0,1,1,0,0,1,0,1,0,0,0,0,0,0,,0,0,0,5.8,7,6.5,0,0,4,3,0,0,0,0,0,0,0,0,3.2,5
__1457448856799547400,376955291,ClaudiaGCid,2021-11-07T20:44:20.000Z,¬øPuede ser ya 18 de diciembre? ‚è≥,0,1,0,0,1,0,1,0,1,0,0,0,0,0,1,0,0,0,0,0,1,1,0,0,0,0,1,1,1,0,0,0,0,0,0,0,0,0,0,0,0,,1,0,0,4.166666666666667,2,2.5,0,0,0,2,0,0,0,0,0,0,0,0,4.5,2
__1457416210816065541,352468789,DeniaFernandez,2021-11-07T18:34:36.000Z,Triunfando desde tiempos inmemoriales,0,0,0,0,0,1,0,0,0,0,0,0,0,0,0,0,0,0,0,0,1,1,0,1,1,0,0,0,1,0,0,0,0,0,0,0,0,0,0,0,0,,0,0,0,8.5,10,8.5,0,0,0,0,1,0,0,0,1,0,0,1,3.5,2
__1457438262268678158,352468789,DeniaFernandez,2021-11-07T20:02:14.000Z,Madre mia el cap√≠tulo de los Toys üòØ,0,0,0,0,0,0,0,0,2,2,0,1,1,2,0,0,0,0,0,3,1,4,1,0,1,0,3,3,1,0,0,1,1,0,0,0,0,0,0,0,1,,1,0,0,3.857142857142857,3,3,2,1,1,0,0,0,0,0,0,0,0,0,4,3
__1457442158877761544,352468789,DeniaFernandez,2021-11-07T20:17:43.000Z,La adoptasion https://t.co/qoDoYg4ern,0,0,0,0,0,0,0,0,1,0,1,1,0,1,0,0,0,0,0,0,1,1,1,0,0,1,0,0,0,0,0,0,0,0,0,0,0,0,0,0,0,,0,0,1,11.666666666666666,2,10,1,1,0,0,0,0,0,0,0,0,0,0,2,1
__1457491477953720322,352468789,DeniaFernandez,2021-11-07T23:33:41.000Z,"0 alarmas.
Comienza mi semana de vacaciones y creo que est√°n m√°s que merecidas despu√©s de tener las √∫ltimas vacaciones en diciembre de 2020.",0,3,0,0,1,0,3,0,3,0,1,1,1,1,2,0,0,0,1,0,5,5,1,3,0,4,1,1,4,0,0,0,0,0,0,0,0,0,0,0,0,,0,0,0,4.875,2,4.5,0,0,4,2,2,0,2,0,2,0,1,2,7.75,12
__1464295713446187013,154751688,Luisarmandodal,2021-11-26T18:11:18.000Z,"Si nos confinan de nuevo y vuelvo a engordar, ya se a quien echarle la culpa.",0,2,0,0,1,0,2,0,1,0,1,1,0,1,0,0,0,0,0,0,1,1,1,0,0,1,0,0,3,4,0,0,1,0,3,1,0,0,0,0,0,,0,0,0,3.875,2,2.5,0,0,0,2,1,0,0,0,0,0,0,1,7,7
__1464296687070064648,154751688,Luisarmandodal,2021-11-26T18:15:10.000Z,"La √∫nica que puede ponerme en mi lugar üíõ. Mi mamma üî•.
#MiMammaEsLaMejor #Grandma #AbuelasDelMundo @ Lima, Peru https://t.co/53u6SowaGg",0,1,0,0,0,0,1,0,1,0,1,3,0,1,0,0,0,0,2,2,1,3,1,0,1,0,2,2,1,2,0,0,0,0,1,1,0,0,0,0,0,,2,3,1,6,5,5,4,2,1,2,1,0,1,1,0,0,0,1,4.333333333333333,3
__1464545997850349575,154751688,Luisarmandodal,2021-11-27T10:45:50.000Z,Extra√±o el servicio dom√©stico :(,0,0,0,0,0,0,0,0,1,1,0,1,0,1,0,0,0,0,0,0,1,1,1,0,1,0,0,0,0,0,0,0,0,0,0,0,0,0,0,0,0,,0,0,0,5.6,2,7,1,1,1,2,2,1,0,1,0,0,0,2,4,2
__1486462761563570182,526335755,DanielSam74,2022-01-26T22:15:14.000Z,D`nash en color negro #BenidormFest,0,0,0,0,0,0,0,0,0,0,0,0,0,0,0,0,0,0,0,0,1,1,1,0,1,0,0,0,1,0,0,0,0,0,0,0,0,0,0,0,0,,0,1,0,6.2,5,5,1,1,0,0,1,1,0,1,0,0,0,1,3.5,2
__1486462894007099394,526335755,DanielSam74,2022-01-26T22:15:45.000Z,Ya llegan.......#BenidormFest,0,1,0,0,0,0,1,0,0,0,0,0,0,0,0,0,0,0,0,0,0,0,0,0,0,0,0,0,0,0,0,0,0,0,0,0,0,0,0,0,0,,0,1,0,14,2,14.0,0,0,0,7,0,0,0,0,0,0,0,0,3,1
__1486464363867381760,526335755,DanielSam74,2022-01-26T22:21:36.000Z,Tanxugueiras ganadoras y a Eurovisi√≥n. Empoderamiento #BenidormFest,0,0,0,0,0,0,0,0,0,0,0,0,0,0,0,0,0,0,0,0,3,3,2,1,1,2,0,0,1,0,0,0,0,0,0,0,0,0,0,0,0,,0,1,0,8.714285714285714,1,11,1,1,1,1,0,0,0,0,0,0,0,0,4,2
__1449771721570103297,1293646096598806529,JuanReyMontoya,2021-10-17T16:18:08.000Z,"Aprendiendo a tocar el ukelele en La Puebla, Murcia, Spain https://t.co/eg8go44EDA",0,0,0,0,1,1,0,0,2,1,1,2,0,2,0,0,0,0,0,3,1,4,1,0,1,0,3,3,2,0,0,0,0,0,0,0,0,0,0,0,0,,0,0,1,6.545454545454546,2,5,1,1,0,2,0,0,0,0,0,0,0,0,4.8,5
__1450784072368902144,1293646096598806529,JuanReyMontoya,2021-10-20T11:20:51.000Z,Contacto humano y motivaci√≥n. Totalmente de acuerdo con @RafaelNadal,0,0,0,0,0,0,0,0,0,0,0,0,0,0,0,0,0,0,0,0,3,3,2,0,1,1,1,1,2,0,0,0,0,0,0,0,0,0,0,0,0,,0,0,0,6.666666666666667,8,7,0,0,1,1,1,1,0,1,0,0,0,1,3,4
__1473713144115646464,187226661,RamosMartinAna,2021-12-22T17:52:48.000Z,me toca estar de infiltrada pero siempre anim√°ndoos @Atleti A√öPA ATLETI ‚ù§Ô∏è https://t.co/51o7fQMVYy,0,1,0,0,1,0,1,0,0,0,0,0,0,0,0,0,0,0,0,0,3,3,0,0,0,0,3,3,1,1,0,0,1,0,1,0,0,0,0,0,0,,1,0,1,6.538461538461538,4,5,3,3,2,0,1,0,1,1,0,0,0,1,8,3
__1473716260714258433,187226661,RamosMartinAna,2021-12-22T18:05:11.000Z,Jajajjajajajajjajajajjajajaj hoy m pegan,0,1,0,0,0,0,1,0,0,0,0,0,0,0,0,0,0,0,0,1,1,2,0,0,0,0,2,2,0,0,0,0,0,0,0,0,0,0,0,0,0,,0,0,0,9.25,28,4.0,2,2,0,0,0,0,0,0,0,0,0,0,3,3
__1476464853590151168,380221163,chechu_valbuena,2021-12-30T08:07:07.000Z,"Pablo Casado y el PP, como ni√±os
 -  https://t.co/xRAzA6owzz",0,0,0,0,0,0,0,0,1,1,0,1,0,1,0,0,0,0,0,2,1,3,0,1,1,0,2,2,0,0,0,0,0,0,0,0,0,0,0,0,0,,0,0,1,5.555555555555555,5,4,0,0,0,2,0,0,0,0,0,0,0,0,4,3
__1476467884620763136,380221163,chechu_valbuena,2021-12-30T08:19:09.000Z,"La extra√±a muerte de Rub√©n y El Ma√±o en la barra del bar de Parla
 -  https://t.co/u3EfEn2alc",0,0,0,0,0,0,0,0,4,2,2,4,0,4,0,0,0,0,0,2,4,6,4,0,2,2,2,2,4,0,0,0,0,0,0,0,0,0,0,0,0,,0,0,1,4.411764705882353,2,3,0,0,1,1,1,0,1,1,0,0,0,1,6,6
__1476271763352924169,791455460,dime_ok,2021-12-29T19:19:50.000Z,"Ah√≠ est√°n los malditos datos 

""El Gobierno de Murcia vacun√≥ a 377 trabajadores no asistenciales antes de que les tocara:
 el 75 % de toda la plantilla de la Consejer√≠a de Salud"" https://t.co/fivfEXgZef",2,1,0,0,0,0,2,1,8,3,3,5,1,5,2,0,0,0,0,3,5,8,3,2,2,3,3,3,6,1,0,0,0,0,1,0,0,0,0,0,0,,0,0,1,5.0606060606060606,2,3,0,0,4,3,2,1,0,0,2,0,0,2,6.357142857142857,14
__1476604004922802183,791455460,dime_ok,2021-12-30T17:20:03.000Z,Viva Letur ü§ó,0,0,0,0,0,0,0,0,0,0,0,0,0,0,0,0,0,0,0,1,0,1,0,0,0,0,1,1,0,0,0,0,0,0,0,0,0,0,0,0,0,,1,0,0,4.5,4,4.5,1,1,0,0,0,0,0,0,0,0,0,0,2,1
__1477037787354439687,791455460,dime_ok,2021-12-31T22:03:45.000Z,"Qu√© bella versi√≥n de Ana Guerra del explotamexpl√≥ ü§£ en  #CachitosCarr√†
Muy fan de @cachitos_tve ‚ù§Ô∏è",0,0,0,0,0,0,0,0,1,1,0,1,0,1,0,0,0,0,0,2,2,4,2,0,1,1,2,2,5,0,0,0,0,0,0,0,0,0,0,0,0,,2,0,0,5.333333333333333,3,3,1,1,3,0,2,0,1,2,0,0,0,2,4.6,5
__1477048472964636675,791455460,dime_ok,2021-12-31T22:46:12.000Z,"No s√≥lo respeto, es un ejemplo de gui√≥n, producci√≥n, realizaci√≥n y, aunque resulte obvio, estilismo.
Coreograf√≠a y cuerpo de ballet impresionantes
Magn√≠fico #CachitosCarr√†",0,3,0,0,0,0,2,1,1,1,0,1,0,0,0,0,1,0,0,1,7,8,7,0,4,3,1,1,2,0,0,0,0,0,0,0,0,0,0,0,0,,0,0,0,6.478260869565218,2,6,2,2,6,6,2,1,0,1,1,0,0,2,4.454545454545454,11
__1477066044887949319,791455460,dime_ok,2021-12-31T23:56:02.000Z,"#CachitosNochevieja consigue que medio pa√≠s pase el comienzo de a√±o leyendo
Son lo +",0,3,0,0,0,1,2,1,3,2,0,2,0,1,1,0,0,0,0,1,3,4,3,0,3,0,1,1,1,1,2,0,2,0,1,0,0,0,0,0,0,,0,1,0,5.071428571428571,3,3.5,1,1,1,0,0,0,0,0,0,0,0,0,5.142857142857143,7
__1477209393926221828,791455460,dime_ok,2022-01-01T09:25:39.000Z,Feliz a√±o a la buena gente que hoy est√° trabajando ‚úä https://t.co/KaibFLa8Sm,0,1,0,0,0,1,1,0,1,0,1,1,0,1,0,0,0,0,0,0,2,2,2,0,1,1,0,0,1,1,0,0,0,0,0,1,0,0,0,0,0,,1,0,1,5.818181818181818,5,4,0,0,1,0,2,0,1,2,0,0,0,2,4.666666666666667,3
__1477945228027961344,791455460,dime_ok,2022-01-03T10:09:35.000Z,"Imagino que tiene que ver con la cantidad que lleve el sujeto en cuesti√≥n, 
pero ah√≠ la duda en los tipos de alcoholemia ü§î
Buen trabajo, en cualquier caso, a la poli que nos cuida üëç",0,4,0,0,0,0,3,1,5,2,3,5,1,5,0,0,1,0,0,0,10,10,9,1,4,5,1,0,6,3,0,0,0,0,1,2,0,0,0,0,0,,2,0,0,4.205882352941177,3,3.0,0,0,2,3,1,1,0,1,0,0,0,1,8.5,14
__1485349740774670340,377582506,taxisevillarafa,2022-01-23T20:32:29.000Z,"Vaya pu√±aladas dan las app de #vtc 
#ayusonecesitasuntaxi ?
#taxi #taxisevilla #sevillahoy #aeropuerto #TaxiAeropuerto https://t.co/18SfbaiAAy",0,1,0,0,0,0,1,0,1,0,1,1,1,1,0,0,0,0,1,0,1,1,1,0,0,1,0,0,1,0,0,0,0,0,0,0,0,0,0,0,0,,0,7,1,8.466666666666667,3,5,3,3,0,1,1,0,1,0,1,0,0,1,4,2
__1458053801026465797,159072694,perokepasa,2021-11-09T12:48:10.000Z,"¬øQuer√©is saber toda la verdad sobre la paternidad de Echenique?

¬°¬°¬°Pues buscad en los medios, co√±o, que os cre√©is todo!!!",0,2,0,0,1,0,2,0,4,1,3,3,1,3,0,0,0,0,0,1,3,4,2,1,1,2,1,1,3,2,1,0,1,0,1,0,1,0,0,0,0,,0,0,0,5.1,2,5.0,1,1,2,10,0,0,0,0,0,0,0,0,6.4,10
__1458055911365353485,159072694,perokepasa,2021-11-09T12:56:33.000Z,"- Vengo de parte del novio.
- c√≥mo dice?
- ah, que esto no es una boda?",0,3,0,0,0,0,3,0,2,1,1,2,0,1,0,0,1,0,0,0,3,3,2,0,1,1,1,1,2,2,0,0,1,0,0,0,1,1,0,0,0,,0,0,0,3.235294117647059,5,3,1,1,1,7,0,0,0,0,0,0,0,0,3.5714285714285716,7
__1458056466951254023,159072694,perokepasa,2021-11-09T12:58:45.000Z,Yo para que los gobernantes dejen de decir gilipolleces voy a dejar de pagar impuestos.,0,2,0,0,3,0,1,1,1,1,0,0,1,1,0,0,0,0,0,0,3,3,0,3,1,1,1,0,4,1,0,0,1,0,1,0,0,0,0,0,0,,0,0,0,4.866666666666666,5,4,0,0,0,1,0,0,0,0,0,0,0,0,6.2,5
__1462419615645159424,159072694,perokepasa,2021-11-21T13:56:21.000Z,"No quiero dejar pasar este d√≠a sin decir:
¬°¬°¬°VIVA CRISTO REY!!!",0,1,0,0,3,0,1,0,1,1,0,1,0,0,0,0,0,1,0,1,3,4,1,0,1,0,3,3,1,0,0,0,0,0,0,0,0,0,0,0,0,,0,0,0,4.818181818181818,6,5,0,0,1,7,1,1,0,1,0,0,0,1,5.833333333333333,6
__1462748938017116160,159072694,perokepasa,2021-11-22T11:44:58.000Z,"No se pod√≠a esperar lo contrario

Otegi anuncia que Bildu apoyar√° los presupuestos de S√°nchez

https://t.co/wTRd7YwZfc

Enviado desde @updayESP",1,1,1,0,1,0,3,0,1,1,0,0,1,1,0,0,0,0,0,1,2,3,1,1,2,0,1,1,2,2,1,0,1,0,2,0,0,0,0,0,0,,0,0,1,6.421052631578948,7,5,1,1,3,0,1,1,0,1,0,0,0,1,7.333333333333333,6
__1476320281148989442,150624922,yoyi_ducati,2021-12-29T22:32:38.000Z,"Soy la √∫nica que cu√°ndo sale el anuncio de lindor, se imagina que le chorrea to ese chocolate en la boca? 
Ay oma!!! Quiero 3 litros!!!!",0,5,0,0,0,0,5,0,5,2,2,4,0,3,1,0,0,1,0,1,4,5,3,1,3,1,1,1,3,4,0,0,1,0,2,0,1,0,1,0,0,,0,0,0,4.230769230769231,2,3.0,6,2,2,9,1,0,1,1,0,0,0,1,6.2727272727272725,11
__1476327328695341072,150624922,yoyi_ducati,2021-12-29T23:00:38.000Z,Yo pens√© que rosarico ya se hab√≠a acostado con suso‚Ä¶. üò≥,2,0,0,0,0,0,2,0,0,0,0,0,0,0,0,0,0,0,0,1,1,2,1,0,1,0,1,1,1,2,0,0,1,0,2,0,0,0,0,0,0,,1,0,0,4.3,2,4.0,1,1,2,1,0,0,0,0,0,0,0,0,6.666666666666667,3
__1476330028724011015,150624922,yoyi_ducati,2021-12-29T23:11:22.000Z,"Sandra yo no soy Dar√≠o. Pero es que te juro, QUE YO TAMPOCO TE ENTIENDO, XOXETE!!!!
 #LaIslaDeLasTentaciones8 https://t.co/RPO6GMKEhB",0,4,0,0,0,0,4,0,0,0,0,0,0,0,0,0,0,0,0,2,0,2,0,0,0,0,2,2,0,3,0,0,2,0,2,1,0,0,0,0,0,,0,0,1,6.388888888888889,2,3.5,3,3,1,7,0,0,0,0,0,0,0,0,5.666666666666667,6
__1477179850171551746,217779492,jcuecam,2022-01-01T07:28:15.000Z,"Siempre cabe esperar una situaci√≥n peor que la anterior en Zaragoza, Spain https://t.co/gQIfPHzYYk",0,1,0,0,1,0,1,0,2,0,2,2,0,1,0,0,1,0,0,2,1,3,1,0,0,1,2,2,1,1,0,0,0,0,0,1,0,0,0,0,0,,0,0,1,6.615384615384615,7,5,1,1,1,1,2,0,0,2,0,1,0,1,6.5,6
__1477181379939028992,217779492,jcuecam,2022-01-01T07:34:20.000Z,"Comienza el a√±o con niebla. Nadie por la calle, calles todav√≠a no abiertas 
por donde el peat√≥n camina sin prestar atenci√≥n a un tr√°fico de veh√≠culos no inaugurado. https://t.co/con9beTq0z",0,2,0,0,1,0,2,0,4,3,1,4,0,3,0,0,1,0,0,0,8,8,6,2,4,4,0,0,6,2,0,0,1,0,0,0,2,0,0,0,0,,0,0,1,5.482758620689655,2,5,0,0,5,3,2,1,1,1,1,0,0,2,8,14
__1477186640124817414,217779492,jcuecam,2022-01-01T07:55:14.000Z,"Se resiste el alba este primer d√≠a de 2022. 
Dudo si aparecer√° el astro que debiera iluminar el d√≠a. Paciencia, la luz aparecer√°, 
temprano o tarde, hoy o ma√±ana. en Zaragoza, Spain https://t.co/vbvFSGgloe",1,2,2,0,1,0,4,1,6,4,1,5,0,4,1,0,0,1,0,2,6,8,6,0,3,3,2,2,2,2,0,0,0,0,1,1,0,0,0,0,0,,0,0,1,5.181818181818182,2,4,2,2,4,7,1,1,0,1,0,0,1,1,4.529411764705882,17
__1491091401962053636,415748218,RaulGCoto,2022-02-08T16:47:48.000Z,"Maderuelo (#Segovia) en Maderuelo, Spain https://t.co/sOqo4LfhLH",0,0,0,0,0,0,0,0,0,0,0,0,0,0,0,0,0,0,0,1,2,3,0,0,0,0,3,3,1,0,0,0,0,0,0,0,0,0,0,0,0,,0,1,1,9.833333333333334,10,9.5,3,1,0,3,0,0,0,0,0,0,0,0,2.75,4
__1460668534690824206,464206612,JuanjeSimon,2021-11-16T17:58:11.000Z,Cada d√≠a tengo m√°s claro que yo nac√≠ para ser cirujano. Bien lo sabe dios.,0,2,0,0,1,0,2,0,0,0,0,1,0,0,0,0,0,0,0,1,3,4,3,0,3,0,1,1,1,2,1,0,2,0,2,0,0,0,0,0,0,,0,0,0,4,4,4,0,0,3,2,1,1,0,1,0,0,0,1,5.166666666666667,6
__1460948825854689284,464206612,JuanjeSimon,2021-11-17T12:31:57.000Z,"Acabo de salir de una clase de hatha yoga, como alguien tenga el valor de decirme 
que eso es para relajarse y para abuelitas es que me lo como.",0,4,0,0,1,0,3,1,2,1,1,2,0,1,0,0,1,0,0,1,4,5,3,1,1,3,1,1,6,7,1,0,4,0,4,0,2,1,0,0,0,,0,0,0,3.9655172413793105,2,4,1,1,0,2,0,0,0,0,0,0,0,0,11.153846153846153,13
__1463265884118687755,100316573,Kattiags,2021-11-23T21:59:07.000Z,Caf√© de amigas https://t.co/b8JJY5XgSS,0,0,0,0,0,0,0,0,0,0,0,0,0,0,0,0,0,0,0,0,2,2,1,1,1,1,0,0,1,0,0,0,0,0,0,0,0,0,0,0,0,,0,0,1,8.75,4,5.0,0,0,1,0,0,0,0,0,0,0,0,0,2.5,2
__1463549063736004619,100316573,Kattiags,2021-11-24T16:44:22.000Z,"No sabes c√≥mo te quiero
y eso no va a cambiar üé∂üé∂

Calienta tus manos
ac√©rcate al fuego
Pronto el invierno pasar√°
y lo mejor est√° por llegarüé∂üé∂

üíôse parece tanto a Hombre Real del disco 1Ô∏è‚É£0Ô∏è‚É£üíô https://t.co/OinJEU621A",0,6,1,0,2,0,7,0,4,3,0,3,1,3,1,0,0,0,1,0,5,5,4,1,4,1,0,0,5,6,1,0,3,0,4,0,1,1,0,0,0,,6,0,1,4.54054054054054,2,4,0,0,4,0,1,0,0,1,0,1,0,0,6.4,15
__1468516523908214786,233345061,A_MtnezIniesta,2021-12-08T09:43:17.000Z,"Buenos D√≠as!!
Feliz d√≠a de la Inmaculada Concepci√≥n, patrona de Espa√±a üá™üá∏ 

‚ÄúTal parece que Dios es espa√±ol al obrar, para m√≠, tan grande milagro‚Äù
#MilagroDeEmpel

¬°¬°Felicidades a todas las Inmas!!
¬°¬°Felicidades a todas las Conchis!!

#D√≠adelaInmaculada 
#InmaculadaConcepci√≥n https://t.co/CNaIXWcr60",0,2,0,0,1,0,2,0,6,1,5,2,4,4,0,0,0,0,0,2,8,10,5,2,4,2,4,3,6,1,0,0,1,0,1,0,0,0,0,0,0,,0,1,1,6.657894736842105,3,5.5,3,2,4,13,2,1,0,2,0,0,0,2,8.176470588235293,17
__1468845804316246019,233345061,A_MtnezIniesta,2021-12-09T07:31:44.000Z,"Buenos d√≠as 

#luchaportussue√±os en Castilla-La Mancha, Spain https://t.co/DVblx9TlGn",0,0,0,0,0,0,0,0,0,0,0,0,0,0,0,0,0,0,0,3,1,4,0,1,1,0,3,3,2,0,0,0,0,0,0,0,0,0,0,0,0,,0,0,1,9.5,6,6.5,1,1,1,2,0,0,0,0,0,0,0,0,4.5,2
__1464920117599428617,30481974,cordobesanti,2021-11-28T11:32:27.000Z,"He salido de Sevilla a las 9.15, he parado en M√©rida,
 he dejado a un lado Montijo, ahora voy por C√°ceres, dejar√® a otro 
lado Coria y en unas horas pasar√© por Guijuelo. 
El calendario @CordobaCF_ofi hecho carretera",3,1,1,0,0,0,5,0,5,3,2,3,2,2,0,0,3,0,0,6,6,12,3,1,3,1,8,8,8,1,0,0,0,0,1,0,0,0,0,0,0,,0,0,0,4.605263157894737,2,4.0,3,1,3,6,1,1,0,1,0,0,0,1,6.8,15
__1474714321875869697,793586530593992710,tepupita,2021-12-25T12:11:07.000Z,"Mis -absolutely- pel√≠culas navide√±as favoritas son:
1. Home alone 2. 
2. Grinch. 
3. Home alone. 
4. Gremlins.",0,1,0,0,0,0,1,0,6,0,0,0,1,0,6,0,0,0,1,6,1,7,0,1,0,1,6,6,0,0,0,0,0,0,0,0,0,0,0,0,0,,0,0,0,5.352941176470588,2,4,7,1,1,11,2,0,2,0,2,0,0,2,3.1,10
__1474714656329678852,793586530593992710,tepupita,2021-12-25T12:12:27.000Z,"Home alone dos veces no üòÇ, die hard 
o como dicen aqu√≠ juuuuingla de cristal",0,1,0,0,0,0,1,0,1,0,0,0,1,0,1,0,0,0,0,2,3,5,1,1,1,1,3,3,1,0,0,0,0,0,0,0,0,0,0,0,0,,1,0,0,4,4,4,6,2,1,1,2,0,0,1,0,0,0,2,4.666666666666667,6
__1474740101896884231,793586530593992710,tepupita,2021-12-25T13:53:34.000Z,"Verga o sea que mejor 25 que literal estar en una caba√±a con fr√≠o,
 comiendo, bebiendo vino y viendo pel√≠culas de ni√±os",0,0,0,0,1,3,0,0,2,0,1,1,0,0,1,0,1,0,0,0,7,7,4,2,3,3,1,1,3,2,0,0,0,0,0,1,0,0,0,1,0,,0,0,0,4.409090909090909,5,4.5,0,0,2,2,1,0,0,1,0,0,0,1,7,11
__1462882344407289869,222822744,Geo_birrero87,2021-11-22T20:35:04.000Z,"Vieja escuela, amargor suavecito pero persistente. 
Entrada con punto dulce. Nada mal - Drinking a Burnout Syndrome
 by Hecatombe Brewing Co./@cervezasrioazul
 @ La Linterna Ciega  ‚Äî https://t.co/o8OiXpvZgB",0,0,0,0,0,0,0,0,0,0,0,0,0,0,0,0,0,0,0,3,7,10,6,1,3,4,3,3,2,1,0,0,1,0,0,0,1,0,0,0,0,,0,0,1,6.730769230769231,8,6.5,6,1,0,6,4,1,1,4,0,0,0,4,5.2727272727272725,11
__1462893655585431555,222822744,Geo_birrero87,2021-11-22T21:20:01.000Z,"Menuda monta√±a rusa. Me parece (o me encantar√≠a que lo fuera) 
una Black IPA cafetosa con un toque salino en nariz. Cada trago es mejor. 
Birrote - Drinking an India Double Porter Mosaic Sabro by 
@kernelbrewery @ La Linterna Ciega  ‚Äî https://t.co/tQc5f6R0HI",1,2,0,1,0,0,3,1,2,1,1,3,0,0,0,0,2,0,0,6,8,14,8,0,4,4,6,6,2,3,1,0,3,0,3,0,0,0,0,0,0,,0,0,1,5.170731707317073,2,5,9,1,1,6,5,1,3,5,0,1,0,4,6.25,12
__1473272135900667904,479267947,roxanagrupovip,2021-12-21T12:40:23.000Z,üíÉüèªüíÉüèªüíÉüèª en Del Barrio Taberna Madrile√±a https://t.co/IalpigDqsn,0,0,0,0,0,0,0,0,1,1,0,1,0,1,0,0,0,0,0,1,1,2,1,0,1,0,1,1,2,0,0,0,0,0,0,0,0,0,0,0,0,,6,0,1,8.333333333333334,2,6.5,1,1,0,0,0,0,0,0,0,0,0,0,5.5,2
__1473437640112357377,479267947,roxanagrupovip,2021-12-21T23:38:03.000Z,"Navidad üéÑ en Madrid, Spain https://t.co/tIsPzehqOt",0,0,0,0,0,0,0,0,0,0,0,0,0,0,0,0,0,0,0,3,0,3,0,0,0,0,3,3,1,0,0,0,0,0,0,0,0,0,0,0,0,,1,0,1,8.8,7,7,1,1,0,1,0,0,0,0,0,0,0,0,3,2
__1473745519281328134,479267947,roxanagrupovip,2021-12-22T20:01:27.000Z,Comienza el a√±o de la mejor forma üí™üèæüí™üèæüéÑüéÑüéÑinfo. Reservas Roxana D√≠az en LAB Madrid https://t.co/dVMjzfSTnW,0,1,0,0,0,0,1,0,2,1,1,2,0,2,0,0,0,0,0,4,3,7,2,1,1,2,4,4,2,0,0,0,0,0,0,0,0,0,0,0,0,,7,0,1,5.6,2,5,2,1,1,1,1,0,0,1,0,1,0,0,5.8,5
__1463247081594830855,512210134,BeaSC87,2021-11-23T20:44:24.000Z,¬°Qu√© bien nos lo pasamos siempre! üòúüîù #NoTeLoPierdas,0,1,0,0,0,0,1,0,0,0,0,0,0,0,0,0,0,0,0,0,0,0,0,0,0,0,0,0,0,2,1,0,1,0,2,0,0,0,0,0,0,,2,1,0,6,4,4,0,0,1,2,0,0,0,0,0,0,0,0,4.5,2
__1463992821510287360,512210134,BeaSC87,2021-11-25T22:07:42.000Z,Siempre fiera üêØ #streetart #graffiti #tiger #lovefelino #staywild en Ciudad Real https://t.co/iU8WRSCdi2,0,0,0,0,0,0,0,0,0,0,0,0,0,0,0,0,0,0,0,0,1,1,1,0,0,1,0,0,1,0,0,0,0,0,0,0,0,0,0,0,0,,1,5,1,8.363636363636363,9,7,0,0,0,0,1,0,1,1,0,0,0,1,4,2
__1464601330899685378,1007728560906358787,GongoraSep,2021-11-27T14:25:42.000Z,"#aguasdejazz madrugada del lunes al martes 00:00 y viernes a las
 17:00 #rtvbsngongora enüìª https://t.co/HuWWNxUJ2C y 
üì∫ https://t.co/YdiH53cFZ5 en C√≥rdoba, Spain https://t.co/XSRYmCopl6",0,0,0,0,0,0,0,0,5,2,1,2,1,3,2,0,0,0,0,2,4,6,1,0,0,1,5,5,5,0,0,0,0,0,0,0,0,0,0,0,0,,2,2,3,7.619047619047619,5,5,2,2,1,3,0,0,0,0,0,0,0,0,3.2857142857142856,7
__1464601958421970945,1007728560906358787,GongoraSep,2021-11-27T14:28:12.000Z,"Martes a las 23:00 @gracielaedanza presenta 
#helloarte en https://t.co/YdiH53ugQD y
 https://t.co/oD7PUvkMEg en C√≥rdoba, Spain https://t.co/9ScnPvIl4i",0,1,0,0,0,0,1,0,1,0,1,0,1,1,0,0,0,0,0,2,2,4,0,0,0,0,4,4,3,0,0,0,0,0,0,0,0,0,0,0,0,,0,1,3,9,23,6,1,1,1,2,0,0,0,0,0,0,0,0,5,3
__1470499878900051970,731458412794499072,albba_t94,2021-12-13T21:04:26.000Z,Y tiene de avatar la foto de un delincuente.,0,1,0,0,1,0,1,0,2,1,1,2,0,1,0,0,1,0,0,0,2,2,2,0,0,1,1,0,2,0,0,0,0,0,0,0,0,0,0,0,0,,0,0,0,4,2,2,0,0,0,1,0,0,0,0,0,0,0,0,4.75,4
__1473301614303891456,731458412794499072,albba_t94,2021-12-21T14:37:32.000Z,Vaya chiste,0,0,0,0,0,0,0,0,0,0,0,1,0,0,0,0,0,0,1,0,1,1,1,0,1,0,0,0,0,0,0,0,0,0,0,0,0,0,0,0,0,,0,0,0,5,4,5.0,0,0,0,0,0,0,0,0,0,0,0,0,2,1
__1473435269755981829,731458412794499072,albba_t94,2021-12-21T23:28:38.000Z,Desde este mismo instante se hace necesario fichar a Kounde.,0,1,0,0,1,0,1,0,2,2,0,2,0,0,0,0,0,2,0,1,1,2,1,0,1,0,1,1,2,1,0,0,0,0,1,0,0,0,0,0,0,,0,0,0,5.1,5,5.0,1,1,0,1,1,1,0,1,0,0,0,1,4.2,5
__1465323594448265230,84377438,crifedii,2021-11-29T14:15:43.000Z,"Como le digo a este gato que se me est√° durmiendo la pierna... 
https://t.co/eRfvQsWxWM",0,2,0,0,0,1,2,0,2,1,1,2,0,1,0,0,0,1,0,0,2,2,2,0,1,1,0,0,1,4,0,0,2,0,3,1,0,0,0,0,0,,0,0,1,5.214285714285714,4,4.0,0,0,1,3,0,0,0,0,0,0,0,0,6.5,4
__1468886146738495490,84377438,crifedii,2021-12-09T10:12:02.000Z,"Que Amazon te diga que un paquete ha sido entregado cuando
 no hab√≠a nadie en casa y no han indicado nada m√°s, a saber que
 encuentro cuando llegue.",3,3,0,0,1,0,4,2,1,1,0,1,0,0,0,0,1,0,0,1,2,3,2,0,1,1,1,1,2,3,0,0,3,0,1,0,2,0,0,0,0,,0,0,0,4.25,2,4.0,0,0,2,2,0,0,0,0,0,0,0,0,10,10
__1469372720987226124,84377438,crifedii,2021-12-10T18:25:30.000Z,"Me acabo de vacunar y ya me duele el brazo, esto promete.",0,3,0,0,1,0,3,0,1,1,0,1,0,1,0,0,0,0,0,0,1,1,1,0,1,0,0,0,1,3,0,0,3,0,2,0,0,1,0,0,0,,0,0,0,3.8333333333333335,2,3.0,0,0,0,2,0,0,0,0,0,0,0,0,4.8,5
__1471237528455983106,174323909,adeltoros,2021-12-15T21:55:35.000Z,".  
.
.
.
.
#grancanaria
#canaryislandas
#galdar
#elfronton
#bodyboarding
#picoftheday
#muchoporvivir
@amaurylavernhe 
üì∏ 1416 Antonio del Toro üíØüåä en EL FRONTON https://t.co/lwcaWvMstk",0,0,0,0,0,0,0,0,3,2,0,2,0,2,1,0,0,0,0,2,1,3,1,0,1,0,2,2,2,0,0,0,0,0,0,0,0,0,0,0,0,,3,7,1,7.380952380952381,1,7,6,2,0,5,0,0,0,0,0,0,0,0,2.5714285714285716,7
__1477941578178211840,1254359068967387141,gabrielarriolab,2022-01-03T09:55:05.000Z,"#lahoradela1 Se culpa la nacionalidad del m√©dico y no del profesional 
aqu√≠ en Espa√±a. Diciendo que es un m√©dico chileno. La negligencia es del
 profesional, no de su nacionalidad. EsTe m√©dico se aprovech√≥ de dejar 
mal parada la medicina Chilena. CIRUJIA  @ministeriosaludchile",1,3,0,0,1,1,4,0,7,4,3,8,0,6,0,0,1,0,1,2,9,11,9,0,3,4,4,2,6,2,0,0,0,0,2,0,0,0,0,0,0,,0,0,0,5.5476190476190474,2,4.0,2,1,5,5,3,2,1,3,0,0,0,3,5.125,16
__1477990495049682945,1254359068967387141,gabrielarriolab,2022-01-03T13:09:28.000Z,"En unos cuantos a√±os Almudena Grande ser√° un Nobel. 
Y se reconocer√° como Federico Garc√≠a Lorca. La reconocer√°n 
en el exterior y el PP quedar√° por a√±os y Almeida como un peque√±o que
 no supo reconocer m√°s all√° de la pol√≠tica a alguien que contribuy√≥ 
por la cultura de Espa√±a.",2,0,4,0,1,0,6,0,9,6,2,6,2,4,1,0,3,0,0,6,5,11,3,2,3,2,6,6,7,5,0,1,2,0,2,2,1,0,0,0,0,,0,0,0,4.48,2,4.0,0,0,9,3,2,1,0,1,0,0,0,2,8.35,20
__1452036775300538372,1254359068967387141,gabrielarriolab,2021-10-23T22:18:39.000Z,Verg√ºenza es el PSOE.,0,1,0,0,0,0,1,0,1,1,0,1,0,1,0,0,0,0,0,1,1,2,1,0,0,1,1,1,0,0,0,0,0,0,0,0,0,0,0,0,0,,0,0,0,4.5,2,3.5,0,0,0,1,0,0,0,0,0,0,0,0,4,1
__1452037694348005385,1254359068967387141,gabrielarriolab,2021-10-23T22:22:18.000Z,Yolanda D√≠az Presidenta @Yolanda_Diaz_,0,0,0,0,0,0,0,0,0,0,0,0,0,0,0,0,0,0,0,3,0,3,0,0,0,0,3,3,0,0,0,0,0,0,0,0,0,0,0,0,0,,0,0,0,8.75,7,8.5,0,0,1,0,0,0,0,0,0,0,0,0,3,1
__1456958662891786241,150618405,EVAYQUE,2021-11-06T12:16:28.000Z,"JA√âN
√âsto es HOY y quedan poquitas entradas!! üíÉüíÉ
#VILLANUEVADELARZOBISPO @el_clasico1984 a las 18:00h
Vamos a partirnos el ojal üòéüíÉ ENTRADAS AQU√ç ‚¨áÔ∏è‚¨áÔ∏è
https://t.co/fsFAhuOOkh https://t.co/lRxdqQw8ay",0,3,0,0,0,0,3,0,2,1,1,1,1,2,0,0,0,0,0,3,4,7,1,2,1,2,4,4,2,2,0,0,0,0,2,0,0,0,0,0,0,,6,1,2,7.260869565217392,4,4,3,3,3,3,1,0,1,0,1,0,0,1,6,8
__1461852588790403079,290481324,CarolinaSmith69,2021-11-20T00:23:11.000Z,"Buenas Noches 
mis Amores ü•∞üòò en Redondela https://t.co/BsnrxGLPnT",0,0,0,0,0,0,0,0,0,0,0,0,1,0,0,0,0,0,1,1,2,3,0,2,1,1,1,1,1,0,0,0,0,0,0,0,0,0,0,0,0,,2,0,1,7.857142857142857,6,6,1,1,0,0,0,0,0,0,0,0,0,0,3.3333333333333335,3
__1462224282960859136,290481324,CarolinaSmith69,2021-11-21T01:00:10.000Z,"Me amo a mi misma porque soy una mujer empoderada
 üíù üè≥Ô∏è‚Äç‚ößÔ∏è en Redondela https://t.co/W8SEq6qWYU",0,2,0,0,0,0,2,0,1,0,1,2,0,0,0,0,1,0,1,2,1,3,1,0,0,1,2,2,2,2,0,1,2,0,1,0,0,1,0,0,0,,3,0,1,5.428571428571429,2,3.0,1,1,0,0,1,0,1,1,0,0,0,1,6.5,4
__1470511223032713221,339791882,Alone995,2021-12-13T21:49:31.000Z,Tengo tal hinchazon en la pierna q parece la de un obeso,0,2,0,0,0,0,2,0,3,1,2,4,0,2,0,0,1,1,0,1,3,4,3,0,2,1,1,1,2,0,0,0,0,0,0,0,0,0,0,0,0,,0,0,0,3.75,2,2.5,2,2,0,0,0,0,0,0,0,0,0,0,4.166666666666667,6
__1470829655573811202,339791882,Alone995,2021-12-14T18:54:51.000Z,Que coraje me dan cuando la gente no es clara,0,2,0,0,0,0,2,0,1,0,1,1,0,1,0,0,0,0,0,0,2,2,2,0,1,1,0,0,0,1,0,0,1,0,1,0,0,0,0,0,0,,0,0,0,3.6,2,3.0,0,0,0,0,1,0,1,1,0,0,0,1,5.666666666666667,3
__1448387027993600001,943934464488550401,eplanaalonso,2021-10-13T20:35:51.000Z,"M√°s j√≥venes como @elsaalmeda_ es lo que necesita nuestra sociedad,
 donde el odio y la codicia imperan de forma denigrante.

Nadie merece ser tratado como lo est√°n haciendo con ella. Nadie.

Comentad y dadle apoyo. En esta familia nadie lucha solo. üí™üèºüá™üá∏",1,6,0,0,1,1,6,0,4,1,3,4,0,2,0,0,0,1,1,0,6,6,6,0,2,4,0,0,3,10,2,2,7,0,4,1,4,0,0,0,1,,2,0,0,5,5,5,0,0,3,6,3,1,0,2,1,0,0,3,7.411764705882353,17
__1448995909782618150,51654407,RayRudilla,2021-10-15T12:55:20.000Z,"Los Pujol Ferrusola y las primas del Em√©rito
 en los #PandoraPapers ¬°¬°Que raro!!",0,0,0,0,0,0,0,0,4,3,1,1,3,4,0,0,0,0,0,1,2,3,1,1,1,1,1,1,2,0,0,0,0,0,0,0,0,0,0,0,0,,0,1,0,5.153846153846154,3,5,3,2,1,4,1,1,0,1,0,0,0,1,8.25,4
__1453689358029053954,51654407,RayRudilla,2021-10-28T11:45:25.000Z,"Una sentencia m√°s para el corrupto Partido Popular, pero tranquilos,
 ya se encargaran los medios informativos de acallar la noticia y algunos
 iniciaran nueva campa√±a contra Unidas Podemos.
#Todoenorden",2,0,0,0,1,0,0,2,4,2,2,3,1,4,0,0,0,0,0,0,6,6,4,1,2,3,1,1,3,2,1,0,0,0,1,0,1,0,0,0,0,,0,1,0,5.9655172413793105,2,6,0,0,1,3,3,2,1,2,1,0,0,3,7,10
__1468346446529372162,2264056631,MariaJoseSernaS,2021-12-07T22:27:28.000Z,"Via Instagram de mi equipo üëâüèª@realmadrid Real Madrid 2-0 Inter
‚öΩ 17' @Toni.Kr8s
‚öΩ 79' @MarcoAsensio10 
#Emirates | #UCL en Espa√±a // Spain https://t.co/1eM5VxJmxA",0,0,0,0,0,0,0,0,3,0,0,1,0,0,3,0,0,0,1,7,1,8,1,0,1,0,7,7,2,0,0,0,0,0,0,0,0,0,0,0,0,,4,2,2,6.090909090909091,3,4.5,3,2,0,5,0,0,0,0,0,0,0,0,4,7
__1485236153930420226,785488050847645696,sandf_10,2022-01-23T13:01:08.000Z,un conciertito en madrid no vendr√≠a mal,0,0,0,0,0,0,1,0,1,1,0,1,0,0,0,0,1,0,0,1,1,2,1,0,1,0,1,1,1,0,0,0,0,0,0,0,0,0,0,0,0,,0,0,0,4.714285714285714,2,3,3,2,1,0,0,0,0,0,0,0,0,0,4.333333333333333,3
__1485255871038898179,785488050847645696,sandf_10,2022-01-23T14:19:29.000Z,"[23/1/22 15:15:58]: entonces pillamos las entradas?
 [23/1/22 15:17:53]: siii",0,1,0,0,0,0,1,0,5,0,1,0,1,1,4,0,0,0,0,0,4,4,0,2,1,1,2,2,0,0,0,0,0,0,0,0,0,0,0,0,0,,0,0,0,7.555555555555555,8,8,1,1,0,15,0,0,0,0,0,0,0,0,3,6
__1449821392787152898,785488050847645696,sandf_10,2021-10-17T19:35:31.000Z,Nos dicen que vayamos a verlos que nos han echado de menos ‚ù§Ô∏è‚Äçü©πüò≠,1,2,0,0,0,0,2,1,0,0,0,0,0,0,0,0,0,0,0,0,0,0,0,0,0,0,0,0,3,5,0,0,0,0,5,0,0,0,0,0,0,,3,0,0,3.6923076923076925,3,3,0,0,0,0,0,0,0,0,0,0,0,0,7.8,5
__1450188357166936068,785488050847645696,sandf_10,2021-10-18T19:53:42.000Z,"Te mereces todo lo bueno y bonito que te pase, de verdad üíõ",0,2,0,0,0,0,1,1,1,1,0,1,0,0,0,0,0,0,0,0,1,1,0,0,0,0,1,1,1,4,1,0,3,0,3,1,0,0,0,0,0,,1,0,0,3.75,2,3.5,0,0,0,1,2,2,0,2,0,0,0,2,5.5,6
__1450385361499312132,785488050847645696,sandf_10,2021-10-19T08:56:31.000Z,Quiero la camiseta del Liverpool,0,1,0,0,0,0,1,0,2,1,1,2,0,2,0,0,0,0,0,1,1,2,1,0,0,1,1,1,1,0,0,0,0,0,0,0,0,0,0,0,0,,0,0,0,5.6,6,6,0,0,0,0,0,0,0,0,0,0,0,0,3.6666666666666665,3
__1453737406557876231,220639235,henshousestudio,2021-10-28T14:56:21.000Z,"Ya estamos!! #Anfitri√≥n #zaragoza @pentacionespectaculos
 #gira #teatro en Teatro Principal (Zaragoza) https://t.co/erkPAoXZDv",0,1,0,0,0,0,1,0,0,0,0,0,0,0,0,0,0,0,0,1,1,2,1,0,1,0,1,1,1,0,0,0,0,0,0,0,0,0,0,0,0,,0,3,1,9.5,9,9.0,1,1,0,4,0,0,0,0,0,0,0,0,3.6666666666666665,3
__1454840638856327171,220639235,henshousestudio,2021-10-31T16:00:12.000Z,"Practicando un poco en la habitaci√≥n del hotel. ‚Äî 
A little bit of practice in the hotel room. 
@blackstaramps #carryontravelguitar @voxamplification #amplug2
 @ Zaragoza, Spain https://t.co/pKfYyfhcEg",0,0,0,0,0,1,0,0,3,2,1,3,0,2,0,0,1,0,0,8,2,10,2,0,1,1,8,8,4,0,0,0,0,0,0,0,0,0,0,0,0,,0,1,1,6.88,2,5,7,1,1,2,0,0,0,0,0,0,0,0,5,7
__1456681565812035585,220639235,henshousestudio,2021-11-05T17:55:23.000Z,"Todo listo en #salamanca #Anfitri√≥n @pentacionespectaculos
 #nofilter en Teatro Liceo https://t.co/h4xEu0DV40",0,0,0,0,0,0,0,0,1,1,0,1,0,0,0,0,0,0,0,1,1,2,1,0,1,0,1,1,2,0,0,0,0,0,0,0,0,0,0,0,0,,0,2,1,8.909090909090908,5,6,1,1,0,0,1,1,0,1,0,0,0,1,5,2
__1483069635436191748,2725086567,AlcanizCF,2022-01-17T13:32:09.000Z,"Fotos del partido Alca√±izcf- Calanda. Reportaje completo en nuestra 
p√°gina de Facebook. #alca√±izcf #contigosomosmas
 #aragonesadeobrasciviles https://t.co/DduUfAH4q4",0,0,0,0,0,0,0,0,2,1,1,2,0,1,0,0,0,0,1,2,5,7,4,1,3,2,2,2,3,1,0,1,1,0,0,0,0,0,0,0,1,,0,2,1,9.3125,7,8.0,2,1,1,3,1,1,0,1,0,0,0,1,4.166666666666667,6
__1482084566408081415,7664852,JoseM_SGP,2022-01-14T20:17:51.000Z,"M A R R U E C O S . La gran cruz del Monte Arruit vista desde 
un aeroplano https://t.co/1DmT8LQsiQ https://t.co/g9SyCxytao",0,0,0,0,0,0,0,0,3,2,1,3,0,2,0,0,1,0,0,2,7,9,2,0,1,1,7,7,2,0,0,0,0,0,0,0,0,0,0,0,0,,0,0,2,4.590909090909091,1,2.0,4,2,0,1,2,0,1,2,0,0,0,2,4.833333333333333,6
__1482111551507156997,7664852,JoseM_SGP,2022-01-14T22:05:04.000Z,"Pregunta seria: c√≥mo hubiera afectado a la se√±al de los radares de 
la WWII el que un avion hubiera sido de pl√°stico reforzado de fibra en
 lugar de met√°lico?",2,0,0,0,0,0,0,2,5,3,2,4,1,4,0,0,1,0,0,1,7,8,5,1,3,3,2,2,7,2,0,0,0,0,0,0,1,0,1,0,0,,0,0,0,4.413793103448276,2,4,3,2,3,2,3,2,1,3,0,0,0,3,9.727272727272727,11
__1476301946541813769,352468789,DeniaFernandez,2021-12-29T21:19:47.000Z,"Y amiga m√≠a, princesa de un cuento infinito
Amiga m√≠a, tan s√≥lo pretendo que cuentes conmigo
Amiga m√≠a, a ver si uno de estos d√≠as
Por fin aprendo
A hablar sin tener que dar tantos rodeos
Que toda esta historia me importa
Porque eres mi amiga, oh no",0,3,0,0,4,0,3,0,8,3,4,6,2,0,1,0,3,3,1,2,11,13,7,3,3,6,4,3,6,6,1,3,6,0,2,1,3,0,0,0,1,,0,0,0,4.208333333333333,3,4.0,1,1,5,4,0,0,0,0,0,0,0,0,9.15,20
__1476304254277201927,352468789,DeniaFernandez,2021-12-29T21:28:57.000Z,"Cuenta hasta tres, empiezo yo primero
Que as√≠ el efecto del disparo es m√°s certero
Y ya no sigues t√∫, quit√°ndome la prisa
Mirando como la tortuga te hipnotiza
‚ù§Ô∏èüê¢",0,4,0,0,0,0,4,0,5,2,2,4,1,4,1,0,0,0,0,0,4,4,4,0,2,2,0,0,2,4,0,0,3,0,4,0,0,0,0,0,0,,2,0,0,4.366666666666666,2,3.5,0,0,4,2,1,1,0,1,0,0,0,1,8.142857142857142,14
__1476305474291003393,352468789,DeniaFernandez,2021-12-29T21:33:48.000Z,"""como es calvo le doy al negro""üòÇüòÇüòÇ
#Atr√°pameCSur",0,2,0,0,0,0,2,0,1,1,0,1,0,1,0,0,0,0,0,0,1,1,1,0,1,0,0,0,1,1,0,0,1,0,1,0,0,0,0,0,0,,3,0,0,4.75,2,4.0,1,1,0,2,1,1,0,1,0,0,0,1,4.333333333333333,3
__1449816456531677186,352468789,DeniaFernandez,2021-10-17T19:15:54.000Z,"Y ma√±ana lunes üò™
Vaya semana me espera",0,1,0,0,0,0,1,0,0,0,0,0,0,0,0,0,0,0,0,0,2,2,1,0,0,1,1,1,0,1,0,0,1,0,1,0,0,0,0,0,0,,1,0,0,4.285714285714286,6,5,0,0,0,0,0,0,0,0,0,0,0,0,4.333333333333333,3
__1449817821194637323,352468789,DeniaFernandez,2021-10-17T19:21:19.000Z,Andy Warhol patrocina esta camiseta https://t.co/szKQhdPmxd,0,1,0,0,0,0,1,0,1,0,1,1,0,0,0,0,0,1,0,2,1,3,1,0,0,1,2,2,0,0,0,0,0,0,0,0,0,0,0,0,0,,0,0,1,9,4,7.0,0,0,0,0,0,0,0,0,0,0,0,0,3,3
__1486467875451936771,18901057,GuitarCafe,2022-01-26T22:35:33.000Z,"Salvador Sobral siempre es un Oasis de buen gusto entre la chabacaneria
 habitual de estos saraos #BenidormFest",0,1,0,0,0,0,1,0,3,2,1,2,1,1,0,0,1,1,0,2,4,6,2,1,3,1,2,3,3,0,0,0,0,0,0,0,0,0,0,0,0,,0,1,0,5.529411764705882,2,5,2,1,0,0,2,1,0,2,0,0,0,2,7.6,5
__1486478534159777793,18901057,GuitarCafe,2022-01-26T23:17:54.000Z,"Como estar√© de cansado que he ido a lavarme la cara con las gafas
 puestas. Hora de parar. Boa noite https://t.co/XhSlHXy1Dz",1,0,1,0,1,0,2,0,2,0,2,1,1,2,0,0,0,0,0,2,3,5,2,1,0,3,2,2,4,1,0,0,0,0,1,0,0,0,0,0,0,,0,0,1,4.904761904761905,3,4,1,1,1,2,2,1,1,1,1,0,0,2,5.125,8
__1486595804043386881,18901057,GuitarCafe,2022-01-27T07:03:53.000Z,Qu√© casualidad. A mi tambi√©n https://t.co/P5KQXqnfrM,0,0,0,0,0,0,0,0,0,0,0,1,0,0,0,0,0,0,1,0,1,1,1,0,0,1,0,0,1,0,0,0,0,0,0,0,0,0,0,0,0,,0,0,1,7.833333333333333,3,5.0,1,1,2,1,0,0,0,0,0,0,0,0,2.5,2
